PRICE_ID,ITEM_ID,PRICE,AUTHOR,LOG_DATE
1,25470,19.99,apex_admin,20111101120000
2,25501,19.69,apex_admin,20111101120000
3,25502,20.81,apex_admin,20111101120000
4,25510,34.89,apex_admin,20111101120000
5,25536,21.83,apex_admin,20111101120000
6,25546,41.25,apex_admin,20111101120000
7,25559,28.88,apex_admin,20111101120000
8,25568,29.6,apex_admin,20111101120000
9,25587,37.6,apex_admin,20111101120000
10,25638,44.25,apex_admin,20111101120000
11,26081,38.9,apex_admin,20111101120000
12,26089,6,apex_admin,20111101120000
13,26090,29.8,apex_admin,20111101120000
14,26500,26.85,apex_admin,20111101120000
15,27188,44.25,apex_admin,20111101120000
16,27228,19.75,apex_admin,20111101120000
17,27386,4.85,apex_admin,20111101120000
18,27387,5.25,apex_admin,20111101120000
19,27388,26.75,apex_admin,20111101120000
20,27389,29.75,apex_admin,20111101120000
21,27390,37.5,apex_admin,20111101120000
22,27391,6.36,apex_admin,20111101120000
23,27392,18.26,apex_admin,20111101120000
24,27393,22.5,apex_admin,20111101120000
25,27394,7.13,apex_admin,20111101120000
26,27395,16.27,apex_admin,20111101120000
27,27396,16.27,apex_admin,20111101120000
28,27397,17,apex_admin,20111101120000
29,27398,16.17,apex_admin,20111101120000
30,27399,17.12,apex_admin,20111101120000
31,27400,39.9,apex_admin,20111101120000
32,27401,43.5,apex_admin,20111101120000
33,27402,29.38,apex_admin,20111101120000
34,27403,30.77,apex_admin,20111101120000
35,27404,24.47,apex_admin,20111101120000
36,27405,22.94,apex_admin,20111101120000
37,27406,18.39,apex_admin,20111101120000
38,27407,33.95,apex_admin,20111101120000
39,27408,36,apex_admin,20111101120000
40,27409,35.87,apex_admin,20111101120000
41,27410,48.29,apex_admin,20111101120000
42,27411,30.89,apex_admin,20111101120000
43,27412,59.76,apex_admin,20111101120000
44,27413,31.25,apex_admin,20111101120000
45,27414,29.9,apex_admin,20111101120000
46,27415,30,apex_admin,20111101120000
47,27416,30,apex_admin,20111101120000
48,27417,45.5,apex_admin,20111101120000
49,27418,31.48,apex_admin,20111101120000
50,27419,7.2,apex_admin,20111101120000
51,27421,10.2,apex_admin,20111101120000
52,27422,3.3,apex_admin,20111101120000
53,27423,43.75,apex_admin,20111101120000
54,27424,5.7,apex_admin,20111101120000
55,27425,6.84,apex_admin,20111101120000
56,27426,42.84,apex_admin,20111101120000
57,27427,33.75,apex_admin,20111101120000
58,27428,18.12,apex_admin,20111101120000
59,27429,47.95,apex_admin,20111101120000
60,27430,5.86,apex_admin,20111101120000
61,27431,8.5,apex_admin,20111101120000
62,27432,36.29,apex_admin,20111101120000
63,27433,35.69,apex_admin,20111101120000
64,27434,14.96,apex_admin,20111101120000
65,27435,39,apex_admin,20111101120000
66,27436,3.67,apex_admin,20111101120000
67,27437,16.87,apex_admin,20111101120000
68,27438,19.32,apex_admin,20111101120000
69,27439,27.79,apex_admin,20111101120000
70,27440,20.1,apex_admin,20111101120000
71,27441,25.09,apex_admin,20111101120000
72,27442,17.29,apex_admin,20111101120000
73,27443,24.64,apex_admin,20111101120000
74,27444,32.91,apex_admin,20111101120000
75,27445,19.59,apex_admin,20111101120000
76,27446,17.7,apex_admin,20111101120000
77,27447,23.15,apex_admin,20111101120000
78,27448,33.79,apex_admin,20111101120000
79,27449,28.95,apex_admin,20111101120000
80,27450,35.99,apex_admin,20111101120000
81,27451,17.12,apex_admin,20111101120000
82,27452,2.48,apex_admin,20111101120000
83,27453,28.88,apex_admin,20111101120000
84,27455,21.48,apex_admin,20111101120000
85,27456,31.09,apex_admin,20111101120000
86,27457,31.68,apex_admin,20111101120000
87,27458,19.4,apex_admin,20111101120000
88,27459,27.5,apex_admin,20111101120000
89,27617,12.99,apex_admin,20111101120000
90,27618,27.29,apex_admin,20111101120000
91,27619,14.67,apex_admin,20111101120000
92,27620,14.67,apex_admin,20111101120000
93,27621,24.59,apex_admin,20111101120000
94,27622,22.49,apex_admin,20111101120000
95,27623,37.59,apex_admin,20111101120000
96,27624,11.99,apex_admin,20111101120000
97,27630,0,apex_admin,20111101120000
98,27719,7.1,apex_admin,20111101120000
99,27720,0,apex_admin,20111101120000
100,27890,17.62,apex_admin,20111101120000
101,27900,0,apex_admin,20111101120000
102,27912,0,apex_admin,20111101120000
103,27921,0,apex_admin,20111101120000
104,27950,30,apex_admin,20111101120000
105,27954,15.41,apex_admin,20111101120000
106,27958,0,apex_admin,20111101120000
107,27960,14.6,apex_admin,20111101120000
108,27963,0,apex_admin,20111101120000
109,27964,9,apex_admin,20111101120000
110,27967,7.2,apex_admin,20111101120000
111,27968,0,apex_admin,20111101120000
112,27969,0,apex_admin,20111101120000
113,27976,4.5,apex_admin,20111101120000
114,27980,0,apex_admin,20111101120000
115,27981,14.5,apex_admin,20111101120000
116,27982,30.85,apex_admin,20111101120000
117,27983,6.99,apex_admin,20111101120000
118,27984,12.99,apex_admin,20111101120000
119,27985,0,apex_admin,20111101120000
120,27986,6.99,apex_admin,20111101120000
121,27987,6.5,apex_admin,20111101120000
122,27988,31.97,apex_admin,20111101120000
123,27989,0,apex_admin,20111101120000
124,27990,4.25,apex_admin,20111101120000
125,27991,3.42,apex_admin,20111101120000
126,27992,0,apex_admin,20111101120000
127,27993,8.99,apex_admin,20111101120000
128,27994,0,apex_admin,20111101120000
129,27995,0,apex_admin,20111101120000
130,27996,4.5,apex_admin,20111101120000
131,27997,0,apex_admin,20111101120000
132,28122,27.09,apex_admin,20111101120000
133,28233,7.79,apex_admin,20111101120000
134,28247,7.25,apex_admin,20111101120000
135,28265,10.5,apex_admin,20111101120000
136,28266,10.99,apex_admin,20111101120000
137,28267,0,apex_admin,20111101120000
138,28276,32.99,apex_admin,20111101120000
139,28277,17.83,apex_admin,20111101120000
140,28288,0,apex_admin,20111101120000
141,28304,41,apex_admin,20111101120000
142,28450,17.62,apex_admin,20111101120000
143,28488,2.95,apex_admin,20111101120000
144,28489,37.2,apex_admin,20111101120000
145,28490,48.46,apex_admin,20111101120000
146,28491,27.57,apex_admin,20111101120000
147,28492,3.65,apex_admin,20111101120000
148,28493,24.31,apex_admin,20111101120000
149,28494,23.5,apex_admin,20111101120000
150,28495,1.42,apex_admin,20111101120000
151,28497,31.05,apex_admin,20111101120000
152,28498,23.59,apex_admin,20111101120000
153,28499,27.79,apex_admin,20111101120000
154,28500,26.16,apex_admin,20111101120000
155,28501,2.79,apex_admin,20111101120000
156,28502,2.63,apex_admin,20111101120000
157,28503,5.3,apex_admin,20111101120000
158,28504,5.3,apex_admin,20111101120000
159,28505,0,apex_admin,20111101120000
160,28573,0,apex_admin,20111101120000
161,28574,31,apex_admin,20111101120000
162,28633,2,apex_admin,20111101120000
163,28634,3.87,apex_admin,20111101120000
164,28635,5.65,apex_admin,20111101120000
165,28636,6.5,apex_admin,20111101120000
166,28638,6.21,apex_admin,20111101120000
167,28639,0,apex_admin,20111101120000
168,28659,0,apex_admin,20111101120000
169,28660,0,apex_admin,20111101120000
170,28728,2.48,apex_admin,20111101120000
171,28730,2.48,apex_admin,20111101120000
172,28731,2.76,apex_admin,20111101120000
173,28732,2.48,apex_admin,20111101120000
174,28735,36.89,apex_admin,20111101120000
175,28742,0,apex_admin,20111101120000
176,28743,10.99,apex_admin,20111101120000
177,28744,22.85,apex_admin,20111101120000
178,28749,17.29,apex_admin,20111101120000
179,28750,37.35,apex_admin,20111101120000
180,28757,0,apex_admin,20111101120000
181,28759,4.47,apex_admin,20111101120000
182,28761,3.75,apex_admin,20111101120000
183,28816,27.95,apex_admin,20111101120000
184,28817,59.75,apex_admin,20111101120000
185,28852,0.84,apex_admin,20111101120000
186,28865,0,apex_admin,20111101120000
187,28866,16.49,apex_admin,20111101120000
188,28867,33.99,apex_admin,20111101120000
189,28868,9.6,apex_admin,20111101120000
190,28869,19.8,apex_admin,20111101120000
191,28872,4.9,apex_admin,20111101120000
192,28874,9.16,apex_admin,20111101120000
193,28875,1.05,apex_admin,20111101120000
194,28880,0,apex_admin,20111101120000
195,28918,22.2,apex_admin,20111101120000
196,28923,16.78,apex_admin,20111101120000
197,28946,0,apex_admin,20111101120000
198,28947,30.75,apex_admin,20111101120000
199,28959,19.82,apex_admin,20111101120000
200,28960,37.5,apex_admin,20111101120000
201,28962,25.33,apex_admin,20111101120000
202,28971,2,apex_admin,20111101120000
203,28985,0,apex_admin,20111101120000
204,28986,4.36,apex_admin,20111101120000
205,29029,0,apex_admin,20111101120000
206,29032,5,apex_admin,20111101120000
207,29045,18.26,apex_admin,20111101120000
208,29046,16.17,apex_admin,20111101120000
209,29047,42.92,apex_admin,20111101120000
210,29075,0,apex_admin,20111101120000
211,29163,0,apex_admin,20111101120000
212,29164,0,apex_admin,20111101120000
213,29165,0,apex_admin,20111101120000
214,29166,4.29,apex_admin,20111101120000
215,29167,6.99,apex_admin,20111101120000
216,29168,7.99,apex_admin,20111101120000
217,29169,7.49,apex_admin,20111101120000
218,29170,0,apex_admin,20111101120000
219,29171,26,apex_admin,20111101120000
220,29172,9.49,apex_admin,20111101120000
221,29173,21.21,apex_admin,20111101120000
222,29174,14.72,apex_admin,20111101120000
223,29175,0,apex_admin,20111101120000
224,29177,0,apex_admin,20111101120000
225,29178,4.99,apex_admin,20111101120000
226,29179,12.95,apex_admin,20111101120000
227,29180,12.65,apex_admin,20111101120000
228,29181,0,apex_admin,20111101120000
229,29182,0,apex_admin,20111101120000
230,29183,0,apex_admin,20111101120000
231,29185,0,apex_admin,20111101120000
232,29186,31.9,apex_admin,20111101120000
233,29187,24.18,apex_admin,20111101120000
234,29188,0,apex_admin,20111101120000
235,29189,0,apex_admin,20111101120000
236,29190,14.6,apex_admin,20111101120000
237,29191,0,apex_admin,20111101120000
238,29192,0,apex_admin,20111101120000
239,29193,0,apex_admin,20111101120000
240,29194,14.6,apex_admin,20111101120000
241,29195,0,apex_admin,20111101120000
242,29196,0,apex_admin,20111101120000
243,29197,0,apex_admin,20111101120000
244,29198,0,apex_admin,20111101120000
245,29199,0,apex_admin,20111101120000
246,29200,0,apex_admin,20111101120000
247,29201,0,apex_admin,20111101120000
248,29202,6.59,apex_admin,20111101120000
249,29203,6.59,apex_admin,20111101120000
250,29204,0,apex_admin,20111101120000
251,29205,0,apex_admin,20111101120000
252,29206,0,apex_admin,20111101120000
253,29207,0,apex_admin,20111101120000
254,29208,9.8,apex_admin,20111101120000
255,29209,9.8,apex_admin,20111101120000
256,29210,4.6,apex_admin,20111101120000
257,29211,0,apex_admin,20111101120000
258,29212,0,apex_admin,20111101120000
259,29213,0,apex_admin,20111101120000
260,29214,7.59,apex_admin,20111101120000
261,29215,0,apex_admin,20111101120000
262,29216,0,apex_admin,20111101120000
263,29217,0,apex_admin,20111101120000
264,29218,0,apex_admin,20111101120000
265,29219,0,apex_admin,20111101120000
266,29220,0,apex_admin,20111101120000
267,29221,0,apex_admin,20111101120000
268,29222,0,apex_admin,20111101120000
269,29223,0,apex_admin,20111101120000
270,29224,0,apex_admin,20111101120000
271,29225,0,apex_admin,20111101120000
272,29226,0,apex_admin,20111101120000
273,29227,0,apex_admin,20111101120000
274,29228,0,apex_admin,20111101120000
275,29229,0,apex_admin,20111101120000
276,29230,0,apex_admin,20111101120000
277,29231,0,apex_admin,20111101120000
278,29232,11,apex_admin,20111101120000
279,29233,0,apex_admin,20111101120000
280,29234,7.99,apex_admin,20111101120000
281,29238,0,apex_admin,20111101120000
282,29239,0,apex_admin,20111101120000
283,29240,0,apex_admin,20111101120000
284,29241,0,apex_admin,20111101120000
285,29242,0,apex_admin,20111101120000
286,29243,10.2,apex_admin,20111101120000
287,29257,9.16,apex_admin,20111101120000
288,29260,15.89,apex_admin,20111101120000
289,29261,30,apex_admin,20111101120000
290,29264,0.99,apex_admin,20111101120000
291,29266,2.4,apex_admin,20111101120000
292,29268,0,apex_admin,20111101120000
293,29270,6.75,apex_admin,20111101120000
294,29281,0,apex_admin,20111101120000
295,29309,0,apex_admin,20111101120000
296,29311,0,apex_admin,20111101120000
297,29314,0,apex_admin,20111101120000
298,29315,0,apex_admin,20111101120000
299,29316,0,apex_admin,20111101120000
300,29317,0,apex_admin,20111101120000
301,29318,0,apex_admin,20111101120000
302,29368,0,apex_admin,20111101120000
303,29394,30.98,apex_admin,20111101120000
304,29434,20.8,apex_admin,20111101120000
305,29435,20.8,apex_admin,20111101120000
306,29436,31,apex_admin,20111101120000
307,29437,39,apex_admin,20111101120000
308,29438,53.94,apex_admin,20111101120000
309,29456,0,apex_admin,20111101120000
310,29457,0,apex_admin,20111101120000
311,29458,2.95,apex_admin,20111101120000
312,29460,31.39,apex_admin,20111101120000
313,29484,14.5,apex_admin,20111101120000
314,29487,13.99,apex_admin,20111101120000
315,29513,7.25,apex_admin,20111101120000
316,29516,5.99,apex_admin,20111101120000
317,29517,8.29,apex_admin,20111101120000
318,29518,0.85,apex_admin,20111101120000
319,29519,8.5,apex_admin,20111101120000
320,29520,0,apex_admin,20111101120000
321,29522,4.29,apex_admin,20111101120000
322,29523,4,apex_admin,20111101120000
323,29524,5.5,apex_admin,20111101120000
324,29559,7.61,apex_admin,20111101120000
325,29567,6.71,apex_admin,20111101120000
326,29568,26.9,apex_admin,20111101120000
327,29570,23.5,apex_admin,20111101120000
328,29573,10.1,apex_admin,20111101120000
329,29701,0,apex_admin,20111101120000
330,29707,9.75,apex_admin,20111101120000
331,29811,5.25,apex_admin,20111101120000
332,29815,24,apex_admin,20111101120000
333,29816,36.02,apex_admin,20111101120000
334,29817,54.58,apex_admin,20111101120000
335,29818,18.06,apex_admin,20111101120000
336,29819,0,apex_admin,20111101120000
337,29820,40.48,apex_admin,20111101120000
338,29821,4.38,apex_admin,20111101120000
339,29822,21.22,apex_admin,20111101120000
340,29823,6.8,apex_admin,20111101120000
341,29824,5.06,apex_admin,20111101120000
342,29825,45.12,apex_admin,20111101120000
343,29826,19.1,apex_admin,20111101120000
344,29827,4.6,apex_admin,20111101120000
345,29845,6.49,apex_admin,20111101120000
346,29849,0,apex_admin,20111101120000
347,29851,28.75,apex_admin,20111101120000
348,29852,37.5,apex_admin,20111101120000
349,29853,44.16,apex_admin,20111101120000
350,29873,0,apex_admin,20111101120000
351,29874,0,apex_admin,20111101120000
352,29880,18.99,apex_admin,20111101120000
353,29882,0,apex_admin,20111101120000
354,29883,0,apex_admin,20111101120000
355,29884,0,apex_admin,20111101120000
356,29885,19.13,apex_admin,20111101120000
357,29886,0,apex_admin,20111101120000
358,29887,0,apex_admin,20111101120000
359,29888,16,apex_admin,20111101120000
360,29907,5.99,apex_admin,20111101120000
361,29908,5.99,apex_admin,20111101120000
362,29909,6.59,apex_admin,20111101120000
363,29910,6.59,apex_admin,20111101120000
364,29912,5.99,apex_admin,20111101120000
365,29913,6.59,apex_admin,20111101120000
366,29914,6.59,apex_admin,20111101120000
367,29915,6.29,apex_admin,20111101120000
368,29921,0,apex_admin,20111101120000
369,29922,0,apex_admin,20111101120000
370,29957,0,apex_admin,20111101120000
371,29958,0,apex_admin,20111101120000
372,29959,0,apex_admin,20111101120000
373,29960,0,apex_admin,20111101120000
374,29966,30,apex_admin,20111101120000
375,29974,0,apex_admin,20111101120000
376,29975,0,apex_admin,20111101120000
377,29976,0,apex_admin,20111101120000
378,29977,17.25,apex_admin,20111101120000
379,29988,7.99,apex_admin,20111101120000
380,29995,0,apex_admin,20111101120000
381,29996,0,apex_admin,20111101120000
382,29997,0,apex_admin,20111101120000
383,29998,0,apex_admin,20111101120000
384,29999,0,apex_admin,20111101120000
385,30000,24,apex_admin,20111101120000
386,30002,0,apex_admin,20111101120000
387,30003,25.35,apex_admin,20111101120000
388,30005,27.3,apex_admin,20111101120000
389,30080,16,apex_admin,20111101120000
390,30081,18,apex_admin,20111101120000
391,30088,0,apex_admin,20111101120000
392,30118,6.4,apex_admin,20111101120000
393,30125,8,apex_admin,20111101120000
394,30168,3.22,apex_admin,20111101120000
395,30169,6.32,apex_admin,20111101120000
396,30170,5.7,apex_admin,20111101120000
397,30171,5.7,apex_admin,20111101120000
398,30172,24,apex_admin,20111101120000
399,30173,7.21,apex_admin,20111101120000
400,30174,0,apex_admin,20111101120000
401,30188,8.5,apex_admin,20111101120000
402,30189,8.5,apex_admin,20111101120000
403,30190,8.5,apex_admin,20111101120000
404,30191,7,apex_admin,20111101120000
405,30192,7,apex_admin,20111101120000
406,30193,7,apex_admin,20111101120000
407,30194,7,apex_admin,20111101120000
408,30195,26.5,apex_admin,20111101120000
409,30196,29.5,apex_admin,20111101120000
410,30197,54.21,apex_admin,20111101120000
411,30208,6,apex_admin,20111101120000
412,30220,20.76,apex_admin,20111101120000
413,30248,3.98,apex_admin,20111101120000
414,30249,3.84,apex_admin,20111101120000
415,30282,7.2,apex_admin,20111101120000
416,30283,7.36,apex_admin,20111101120000
417,30284,5.55,apex_admin,20111101120000
418,30285,13.5,apex_admin,20111101120000
419,30286,13.5,apex_admin,20111101120000
420,30287,16.99,apex_admin,20111101120000
421,30288,21.39,apex_admin,20111101120000
422,30290,15.83,apex_admin,20111101120000
423,30291,37.44,apex_admin,20111101120000
424,30292,0,apex_admin,20111101120000
425,30303,15.41,apex_admin,20111101120000
426,30304,0,apex_admin,20111101120000
427,30324,0,apex_admin,20111101120000
428,30327,45.9,apex_admin,20111101120000
429,30328,61.9,apex_admin,20111101120000
430,30329,40.9,apex_admin,20111101120000
431,30330,6.5,apex_admin,20111101120000
432,30357,5.35,apex_admin,20111101120000
433,30358,11.35,apex_admin,20111101120000
434,30359,24.15,apex_admin,20111101120000
435,30376,63,apex_admin,20111101120000
436,30377,29.9,apex_admin,20111101120000
437,30378,41.77,apex_admin,20111101120000
438,30379,41.87,apex_admin,20111101120000
439,30380,45.59,apex_admin,20111101120000
440,30381,32.41,apex_admin,20111101120000
441,30382,9.89,apex_admin,20111101120000
442,30383,9.9,apex_admin,20111101120000
443,30384,29.75,apex_admin,20111101120000
444,30394,34.5,apex_admin,20111101120000
445,30395,29.75,apex_admin,20111101120000
446,30396,27.5,apex_admin,20111101120000
447,30397,47.52,apex_admin,20111101120000
448,30398,52.5,apex_admin,20111101120000
449,30404,0,apex_admin,20111101120000
450,30405,9.8,apex_admin,20111101120000
451,30406,24,apex_admin,20111101120000
452,30417,5.99,apex_admin,20111101120000
453,30421,0,apex_admin,20111101120000
454,30426,12.75,apex_admin,20111101120000
455,30427,0,apex_admin,20111101120000
456,30428,4.5,apex_admin,20111101120000
457,30429,0,apex_admin,20111101120000
458,30448,4.6,apex_admin,20111101120000
459,30450,2.82,apex_admin,20111101120000
460,30456,25.99,apex_admin,20111101120000
461,30462,0,apex_admin,20111101120000
462,30463,7.95,apex_admin,20111101120000
463,30464,7.95,apex_admin,20111101120000
464,30468,9.99,apex_admin,20111101120000
465,30469,18.99,apex_admin,20111101120000
466,30472,0,apex_admin,20111101120000
467,30473,7.5,apex_admin,20111101120000
468,30474,1.6,apex_admin,20111101120000
469,30699,10.25,apex_admin,20111101120000
470,30700,13.21,apex_admin,20111101120000
471,30716,14.49,apex_admin,20111101120000
472,30717,14.49,apex_admin,20111101120000
473,30744,9.49,apex_admin,20111101120000
474,30745,6.99,apex_admin,20111101120000
475,30746,7.99,apex_admin,20111101120000
476,30750,18.99,apex_admin,20111101120000
477,30752,12.85,apex_admin,20111101120000
478,30795,0,apex_admin,20111101120000
479,30796,12.55,apex_admin,20111101120000
480,30835,3.75,apex_admin,20111101120000
481,30839,25.79,apex_admin,20111101120000
482,30841,19.29,apex_admin,20111101120000
483,30855,9.9,apex_admin,20111101120000
484,30856,18.45,apex_admin,20111101120000
485,30866,0,apex_admin,20111101120000
486,30867,8.36,apex_admin,20111101120000
487,30868,4.89,apex_admin,20111101120000
488,30869,6.15,apex_admin,20111101120000
489,30870,4.53,apex_admin,20111101120000
490,30897,0,apex_admin,20111101120000
491,30926,0,apex_admin,20111101120000
492,30986,0,apex_admin,20111101120000
493,30987,13.99,apex_admin,20111101120000
494,30995,22.49,apex_admin,20111101120000
495,30996,17.29,apex_admin,20111101120000
496,30997,15.89,apex_admin,20111101120000
497,30998,21.79,apex_admin,20111101120000
498,31001,17.79,apex_admin,20111101120000
499,31007,14.69,apex_admin,20111101120000
500,31016,15.85,apex_admin,20111101120000
501,31017,0,apex_admin,20111101120000
502,31020,5.99,apex_admin,20111101120000
503,31021,5.49,apex_admin,20111101120000
504,31025,0,apex_admin,20111101120000
505,31072,5.99,apex_admin,20111101120000
506,31073,24,apex_admin,20111101120000
507,31099,7.9,apex_admin,20111101120000
508,31101,3.1,apex_admin,20111101120000
509,31104,0,apex_admin,20111101120000
510,31105,0,apex_admin,20111101120000
511,31113,7.69,apex_admin,20111101120000
512,31120,0,apex_admin,20111101120000
513,31121,0,apex_admin,20111101120000
514,31122,0,apex_admin,20111101120000
515,31123,0,apex_admin,20111101120000
516,31134,13.99,apex_admin,20111101120000
517,31146,0,apex_admin,20111101120000
518,31147,0,apex_admin,20111101120000
519,31148,0,apex_admin,20111101120000
520,31160,23.93,apex_admin,20111101120000
521,31162,0,apex_admin,20111101120000
522,31163,0,apex_admin,20111101120000
523,31164,43.14,apex_admin,20111101120000
524,31165,3.98,apex_admin,20111101120000
525,31166,6.34,apex_admin,20111101120000
526,31167,27.6,apex_admin,20111101120000
527,31196,4,apex_admin,20111101120000
528,31208,0,apex_admin,20111101120000
529,31209,0,apex_admin,20111101120000
530,31223,0,apex_admin,20111101120000
531,31243,25.39,apex_admin,20111101120000
532,31244,27.75,apex_admin,20111101120000
533,31245,29.79,apex_admin,20111101120000
534,31246,30.79,apex_admin,20111101120000
535,31247,29.79,apex_admin,20111101120000
536,31249,11.99,apex_admin,20111101120000
537,31250,11.99,apex_admin,20111101120000
538,31251,15.29,apex_admin,20111101120000
539,31252,19.59,apex_admin,20111101120000
540,31256,31.5,apex_admin,20111101120000
541,31270,15.41,apex_admin,20111101120000
542,31271,17.61,apex_admin,20111101120000
543,31304,33.85,apex_admin,20111101120000
544,31305,16.5,apex_admin,20111101120000
545,31306,23.25,apex_admin,20111101120000
546,31307,16.25,apex_admin,20111101120000
547,31308,19.6,apex_admin,20111101120000
548,31309,21.85,apex_admin,20111101120000
549,31310,19.95,apex_admin,20111101120000
550,31311,12.5,apex_admin,20111101120000
551,31312,11.55,apex_admin,20111101120000
552,31313,11.55,apex_admin,20111101120000
553,31314,11.65,apex_admin,20111101120000
554,31315,13.6,apex_admin,20111101120000
555,31316,12.49,apex_admin,20111101120000
556,31317,12.49,apex_admin,20111101120000
557,31318,14.85,apex_admin,20111101120000
558,31350,36.29,apex_admin,20111101120000
559,31351,22.79,apex_admin,20111101120000
560,31352,25.59,apex_admin,20111101120000
561,31393,0,apex_admin,20111101120000
562,31394,0,apex_admin,20111101120000
563,31395,0,apex_admin,20111101120000
564,31397,4.54,apex_admin,20111101120000
565,31398,8.8,apex_admin,20111101120000
566,31399,29.99,apex_admin,20111101120000
567,31400,27.49,apex_admin,20111101120000
568,31401,31.29,apex_admin,20111101120000
569,31402,5,apex_admin,20111101120000
570,31403,26.99,apex_admin,20111101120000
571,31447,4.62,apex_admin,20111101120000
572,31503,5,apex_admin,20111101120000
573,31510,0,apex_admin,20111101120000
574,31511,0,apex_admin,20111101120000
575,31512,9.25,apex_admin,20111101120000
576,31513,5.99,apex_admin,20111101120000
577,31517,10.99,apex_admin,20111101120000
578,31689,0,apex_admin,20111101120000
579,31715,37.99,apex_admin,20111101120000
580,31717,28.95,apex_admin,20111101120000
581,31718,7.95,apex_admin,20111101120000
582,31783,0,apex_admin,20111101120000
583,31786,3.49,apex_admin,20111101120000
584,31787,3.49,apex_admin,20111101120000
585,31788,17.98,apex_admin,20111101120000
586,31789,15.86,apex_admin,20111101120000
587,31837,2.25,apex_admin,20111101120000
588,31838,2.25,apex_admin,20111101120000
589,31858,3.71,apex_admin,20111101120000
590,31867,0,apex_admin,20111101120000
591,31868,0,apex_admin,20111101120000
592,31880,2.65,apex_admin,20111101120000
593,31881,3.77,apex_admin,20111101120000
594,31884,22.02,apex_admin,20111101120000
595,31885,0,apex_admin,20111101120000
596,31886,0,apex_admin,20111101120000
597,31887,0,apex_admin,20111101120000
598,31888,0,apex_admin,20111101120000
599,31889,0,apex_admin,20111101120000
600,31918,6.59,apex_admin,20111101120000
601,31919,11,apex_admin,20111101120000
602,31920,13.21,apex_admin,20111101120000
603,31921,13.21,apex_admin,20111101120000
604,31922,17.61,apex_admin,20111101120000
605,31971,54.98,apex_admin,20111101120000
606,31984,0,apex_admin,20111101120000
607,32005,0,apex_admin,20111101120000
608,32043,0,apex_admin,20111101120000
609,32054,7.1,apex_admin,20111101120000
610,32055,7.1,apex_admin,20111101120000
611,32056,17.66,apex_admin,20111101120000
612,32058,5,apex_admin,20111101120000
613,32203,0,apex_admin,20111101120000
614,32204,0,apex_admin,20111101120000
615,32205,0,apex_admin,20111101120000
616,32208,0,apex_admin,20111101120000
617,32209,0,apex_admin,20111101120000
618,32210,0,apex_admin,20111101120000
619,32211,0,apex_admin,20111101120000
620,32245,23.59,apex_admin,20111101120000
621,32246,20.99,apex_admin,20111101120000
622,32247,0,apex_admin,20111101120000
623,32248,0,apex_admin,20111101120000
624,32249,0,apex_admin,20111101120000
625,32257,11,apex_admin,20111101120000
626,32347,7.89,apex_admin,20111101120000
627,32411,15.41,apex_admin,20111101120000
628,32419,9,apex_admin,20111101120000
629,32438,4,apex_admin,20111101120000
630,32481,11,apex_admin,20111101120000
631,32482,0,apex_admin,20111101120000
632,32485,0,apex_admin,20111101120000
633,32493,38.5,apex_admin,20111101120000
634,32499,23.5,apex_admin,20111101120000
635,32503,4.5,apex_admin,20111101120000
636,32517,3.33,apex_admin,20111101120000
637,32531,4.78,apex_admin,20111101120000
638,32564,39.99,apex_admin,20111101120000
639,32565,7.82,apex_admin,20111101120000
640,32567,56.94,apex_admin,20111101120000
641,32569,29.79,apex_admin,20111101120000
642,32570,0,apex_admin,20111101120000
643,32571,0,apex_admin,20111101120000
644,32573,37,apex_admin,20111101120000
645,32578,22.5,apex_admin,20111101120000
646,32580,32,apex_admin,20111101120000
647,32581,22,apex_admin,20111101120000
648,32582,22,apex_admin,20111101120000
649,32616,4.6,apex_admin,20111101120000
653,32663,0,apex_admin,20111101120000
654,32664,9.8,apex_admin,20111101120000
655,32698,5.99,apex_admin,20111101120000
656,32700,12.99,apex_admin,20111101120000
657,32701,24.64,apex_admin,20111101120000
658,32702,22.79,apex_admin,20111101120000
659,32703,21.29,apex_admin,20111101120000
660,32704,15.04,apex_admin,20111101120000
661,32705,22.99,apex_admin,20111101120000
662,32730,23.13,apex_admin,20111101120000
663,25470,20.99,apex_admin,20111001120000
664,25501,20.69,apex_admin,20111001120000
665,25502,21.81,apex_admin,20111001120000
666,25510,35.89,apex_admin,20111001120000
667,25536,22.83,apex_admin,20111001120000
668,25546,42.25,apex_admin,20111001120000
669,25559,29.88,apex_admin,20111001120000
670,25568,30.6,apex_admin,20111001120000
671,25587,38.6,apex_admin,20111001120000
672,25638,45.25,apex_admin,20111001120000
673,26081,39.9,apex_admin,20111001120000
674,26089,7,apex_admin,20111001120000
675,26090,30.8,apex_admin,20111001120000
676,26500,27.85,apex_admin,20111001120000
677,27188,45.25,apex_admin,20111001120000
678,27228,20.75,apex_admin,20111001120000
679,27386,5.85,apex_admin,20111001120000
680,27387,6.25,apex_admin,20111001120000
681,27388,27.75,apex_admin,20111001120000
682,27389,30.75,apex_admin,20111001120000
683,27390,38.5,apex_admin,20111001120000
684,27391,7.36,apex_admin,20111001120000
685,27392,19.26,apex_admin,20111001120000
686,27393,23.5,apex_admin,20111001120000
687,27394,8.13,apex_admin,20111001120000
688,27395,17.27,apex_admin,20111001120000
689,27396,17.27,apex_admin,20111001120000
690,27397,18,apex_admin,20111001120000
691,27398,17.17,apex_admin,20111001120000
692,27399,18.12,apex_admin,20111001120000
693,27400,40.9,apex_admin,20111001120000
694,27401,44.5,apex_admin,20111001120000
695,27402,30.38,apex_admin,20111001120000
696,27403,31.77,apex_admin,20111001120000
697,27404,25.47,apex_admin,20111001120000
698,27405,23.94,apex_admin,20111001120000
699,27406,19.39,apex_admin,20111001120000
700,27407,34.95,apex_admin,20111001120000
701,27408,37,apex_admin,20111001120000
702,27409,36.87,apex_admin,20111001120000
703,27410,49.29,apex_admin,20111001120000
704,27411,31.89,apex_admin,20111001120000
705,27412,60.76,apex_admin,20111001120000
706,27413,32.25,apex_admin,20111001120000
707,27414,30.9,apex_admin,20111001120000
708,27415,31,apex_admin,20111001120000
709,27416,31,apex_admin,20111001120000
710,27417,46.5,apex_admin,20111001120000
711,27418,32.48,apex_admin,20111001120000
712,27419,8.2,apex_admin,20111001120000
713,27421,11.2,apex_admin,20111001120000
714,27422,4.3,apex_admin,20111001120000
715,27423,44.75,apex_admin,20111001120000
716,27424,6.7,apex_admin,20111001120000
717,27425,7.84,apex_admin,20111001120000
718,27426,43.84,apex_admin,20111001120000
719,27427,34.75,apex_admin,20111001120000
720,27428,19.12,apex_admin,20111001120000
721,27429,48.95,apex_admin,20111001120000
722,27430,6.86,apex_admin,20111001120000
723,27431,9.5,apex_admin,20111001120000
724,27432,37.29,apex_admin,20111001120000
725,27433,36.69,apex_admin,20111001120000
726,27434,15.96,apex_admin,20111001120000
727,27435,40,apex_admin,20111001120000
728,27436,4.67,apex_admin,20111001120000
729,27437,17.87,apex_admin,20111001120000
730,27438,20.32,apex_admin,20111001120000
731,27439,28.79,apex_admin,20111001120000
732,27440,21.1,apex_admin,20111001120000
733,27441,26.09,apex_admin,20111001120000
734,27442,18.29,apex_admin,20111001120000
735,27443,25.64,apex_admin,20111001120000
736,27444,33.91,apex_admin,20111001120000
737,27445,20.59,apex_admin,20111001120000
738,27446,18.7,apex_admin,20111001120000
739,27447,24.15,apex_admin,20111001120000
740,27448,34.79,apex_admin,20111001120000
741,27449,29.95,apex_admin,20111001120000
742,27450,36.99,apex_admin,20111001120000
743,27451,18.12,apex_admin,20111001120000
744,27452,3.48,apex_admin,20111001120000
745,27453,29.88,apex_admin,20111001120000
746,27455,22.48,apex_admin,20111001120000
747,27456,32.09,apex_admin,20111001120000
748,27457,32.68,apex_admin,20111001120000
749,27458,20.4,apex_admin,20111001120000
750,27459,28.5,apex_admin,20111001120000
751,27617,13.99,apex_admin,20111001120000
752,27618,28.29,apex_admin,20111001120000
753,27619,15.67,apex_admin,20111001120000
754,27620,15.67,apex_admin,20111001120000
755,27621,25.59,apex_admin,20111001120000
756,27622,23.49,apex_admin,20111001120000
757,27623,38.59,apex_admin,20111001120000
758,27624,12.99,apex_admin,20111001120000
759,27630,1,apex_admin,20111001120000
760,27719,8.1,apex_admin,20111001120000
761,27720,1,apex_admin,20111001120000
762,27890,18.62,apex_admin,20111001120000
763,27900,1,apex_admin,20111001120000
764,27912,1,apex_admin,20111001120000
765,27921,1,apex_admin,20111001120000
766,27950,31,apex_admin,20111001120000
767,27954,16.41,apex_admin,20111001120000
768,27958,1,apex_admin,20111001120000
769,27960,15.6,apex_admin,20111001120000
770,27963,1,apex_admin,20111001120000
771,27964,10,apex_admin,20111001120000
772,27967,8.2,apex_admin,20111001120000
773,27968,1,apex_admin,20111001120000
774,27969,1,apex_admin,20111001120000
775,27976,5.5,apex_admin,20111001120000
776,27980,1,apex_admin,20111001120000
777,27981,15.5,apex_admin,20111001120000
778,27982,31.85,apex_admin,20111001120000
779,27983,7.99,apex_admin,20111001120000
780,27984,13.99,apex_admin,20111001120000
781,27985,1,apex_admin,20111001120000
782,27986,7.99,apex_admin,20111001120000
783,27987,7.5,apex_admin,20111001120000
784,27988,32.97,apex_admin,20111001120000
785,27989,1,apex_admin,20111001120000
786,27990,5.25,apex_admin,20111001120000
787,27991,4.42,apex_admin,20111001120000
788,27992,1,apex_admin,20111001120000
789,27993,9.99,apex_admin,20111001120000
790,27994,1,apex_admin,20111001120000
791,27995,1,apex_admin,20111001120000
792,27996,5.5,apex_admin,20111001120000
793,27997,1,apex_admin,20111001120000
794,28122,28.09,apex_admin,20111001120000
795,28233,8.79,apex_admin,20111001120000
796,28247,8.25,apex_admin,20111001120000
797,28265,11.5,apex_admin,20111001120000
798,28266,11.99,apex_admin,20111001120000
799,28267,1,apex_admin,20111001120000
800,28276,33.99,apex_admin,20111001120000
801,28277,18.83,apex_admin,20111001120000
802,28288,1,apex_admin,20111001120000
803,28304,42,apex_admin,20111001120000
804,28450,18.62,apex_admin,20111001120000
805,28488,3.95,apex_admin,20111001120000
806,28489,38.2,apex_admin,20111001120000
807,28490,49.46,apex_admin,20111001120000
808,28491,28.57,apex_admin,20111001120000
809,28492,4.65,apex_admin,20111001120000
810,28493,25.31,apex_admin,20111001120000
811,28494,24.5,apex_admin,20111001120000
812,28495,2.42,apex_admin,20111001120000
813,28497,32.05,apex_admin,20111001120000
814,28498,24.59,apex_admin,20111001120000
815,28499,28.79,apex_admin,20111001120000
816,28500,27.16,apex_admin,20111001120000
817,28501,3.79,apex_admin,20111001120000
818,28502,3.63,apex_admin,20111001120000
819,28503,6.3,apex_admin,20111001120000
820,28504,6.3,apex_admin,20111001120000
821,28505,1,apex_admin,20111001120000
822,28573,1,apex_admin,20111001120000
823,28574,32,apex_admin,20111001120000
824,28633,3,apex_admin,20111001120000
825,28634,4.87,apex_admin,20111001120000
826,28635,6.65,apex_admin,20111001120000
827,28636,7.5,apex_admin,20111001120000
828,28638,7.21,apex_admin,20111001120000
829,28639,1,apex_admin,20111001120000
830,28659,1,apex_admin,20111001120000
831,28660,1,apex_admin,20111001120000
832,28728,3.48,apex_admin,20111001120000
833,28730,3.48,apex_admin,20111001120000
834,28731,3.76,apex_admin,20111001120000
835,28732,3.48,apex_admin,20111001120000
836,28735,37.89,apex_admin,20111001120000
837,28742,1,apex_admin,20111001120000
838,28743,11.99,apex_admin,20111001120000
839,28744,23.85,apex_admin,20111001120000
840,28749,18.29,apex_admin,20111001120000
841,28750,38.35,apex_admin,20111001120000
842,28757,1,apex_admin,20111001120000
843,28759,5.47,apex_admin,20111001120000
844,28761,4.75,apex_admin,20111001120000
845,28816,28.95,apex_admin,20111001120000
846,28817,60.75,apex_admin,20111001120000
847,28852,1.84,apex_admin,20111001120000
848,28865,1,apex_admin,20111001120000
849,28866,17.49,apex_admin,20111001120000
850,28867,34.99,apex_admin,20111001120000
851,28868,10.6,apex_admin,20111001120000
852,28869,20.8,apex_admin,20111001120000
853,28872,5.9,apex_admin,20111001120000
854,28874,10.16,apex_admin,20111001120000
855,28875,2.05,apex_admin,20111001120000
856,28880,1,apex_admin,20111001120000
857,28918,23.2,apex_admin,20111001120000
858,28923,17.78,apex_admin,20111001120000
859,28946,1,apex_admin,20111001120000
860,28947,31.75,apex_admin,20111001120000
861,28959,20.82,apex_admin,20111001120000
862,28960,38.5,apex_admin,20111001120000
863,28962,26.33,apex_admin,20111001120000
864,28971,3,apex_admin,20111001120000
865,28985,1,apex_admin,20111001120000
866,28986,5.36,apex_admin,20111001120000
867,29029,1,apex_admin,20111001120000
868,29032,6,apex_admin,20111001120000
869,29045,19.26,apex_admin,20111001120000
870,29046,17.17,apex_admin,20111001120000
871,29047,43.92,apex_admin,20111001120000
872,29075,1,apex_admin,20111001120000
873,29163,1,apex_admin,20111001120000
874,29164,1,apex_admin,20111001120000
875,29165,1,apex_admin,20111001120000
876,29166,5.29,apex_admin,20111001120000
877,29167,7.99,apex_admin,20111001120000
878,29168,8.99,apex_admin,20111001120000
879,29169,8.49,apex_admin,20111001120000
880,29170,1,apex_admin,20111001120000
881,29171,27,apex_admin,20111001120000
882,29172,10.49,apex_admin,20111001120000
883,29173,22.21,apex_admin,20111001120000
884,29174,15.72,apex_admin,20111001120000
885,29175,1,apex_admin,20111001120000
886,29177,1,apex_admin,20111001120000
887,29178,5.99,apex_admin,20111001120000
888,29179,13.95,apex_admin,20111001120000
889,29180,13.65,apex_admin,20111001120000
890,29181,1,apex_admin,20111001120000
891,29182,1,apex_admin,20111001120000
892,29183,1,apex_admin,20111001120000
893,29185,1,apex_admin,20111001120000
894,29186,32.9,apex_admin,20111001120000
895,29187,25.18,apex_admin,20111001120000
896,29188,1,apex_admin,20111001120000
897,29189,1,apex_admin,20111001120000
898,29190,15.6,apex_admin,20111001120000
899,29191,1,apex_admin,20111001120000
900,29192,1,apex_admin,20111001120000
901,29193,1,apex_admin,20111001120000
902,29194,15.6,apex_admin,20111001120000
903,29195,1,apex_admin,20111001120000
904,29196,1,apex_admin,20111001120000
905,29197,1,apex_admin,20111001120000
906,29198,1,apex_admin,20111001120000
907,29199,1,apex_admin,20111001120000
908,29200,1,apex_admin,20111001120000
909,29201,1,apex_admin,20111001120000
910,29202,7.59,apex_admin,20111001120000
911,29203,7.59,apex_admin,20111001120000
912,29204,1,apex_admin,20111001120000
913,29205,1,apex_admin,20111001120000
914,29206,1,apex_admin,20111001120000
915,29207,1,apex_admin,20111001120000
916,29208,10.8,apex_admin,20111001120000
917,29209,10.8,apex_admin,20111001120000
918,29210,5.6,apex_admin,20111001120000
919,29211,1,apex_admin,20111001120000
920,29212,1,apex_admin,20111001120000
921,29213,1,apex_admin,20111001120000
922,29214,8.59,apex_admin,20111001120000
923,29215,1,apex_admin,20111001120000
924,29216,1,apex_admin,20111001120000
925,29217,1,apex_admin,20111001120000
926,29218,1,apex_admin,20111001120000
927,29219,1,apex_admin,20111001120000
928,29220,1,apex_admin,20111001120000
929,29221,1,apex_admin,20111001120000
930,29222,1,apex_admin,20111001120000
931,29223,1,apex_admin,20111001120000
932,29224,1,apex_admin,20111001120000
933,29225,1,apex_admin,20111001120000
934,29226,1,apex_admin,20111001120000
935,29227,1,apex_admin,20111001120000
936,29228,1,apex_admin,20111001120000
937,29229,1,apex_admin,20111001120000
938,29230,1,apex_admin,20111001120000
939,29231,1,apex_admin,20111001120000
940,29232,12,apex_admin,20111001120000
941,29233,1,apex_admin,20111001120000
942,29234,8.99,apex_admin,20111001120000
943,29238,1,apex_admin,20111001120000
944,29239,1,apex_admin,20111001120000
945,29240,1,apex_admin,20111001120000
946,29241,1,apex_admin,20111001120000
947,29242,1,apex_admin,20111001120000
948,29243,11.2,apex_admin,20111001120000
949,29257,10.16,apex_admin,20111001120000
950,29260,16.89,apex_admin,20111001120000
951,29261,31,apex_admin,20111001120000
952,29264,1.99,apex_admin,20111001120000
953,29266,3.4,apex_admin,20111001120000
954,29268,1,apex_admin,20111001120000
955,29270,7.75,apex_admin,20111001120000
956,29281,1,apex_admin,20111001120000
957,29309,1,apex_admin,20111001120000
958,29311,1,apex_admin,20111001120000
959,29314,1,apex_admin,20111001120000
960,29315,1,apex_admin,20111001120000
961,29316,1,apex_admin,20111001120000
962,29317,1,apex_admin,20111001120000
963,29318,1,apex_admin,20111001120000
964,29368,1,apex_admin,20111001120000
965,29394,31.98,apex_admin,20111001120000
966,29434,21.8,apex_admin,20111001120000
967,29435,21.8,apex_admin,20111001120000
968,29436,32,apex_admin,20111001120000
969,29437,40,apex_admin,20111001120000
970,29438,54.94,apex_admin,20111001120000
971,29456,1,apex_admin,20111001120000
972,29457,1,apex_admin,20111001120000
973,29458,3.95,apex_admin,20111001120000
974,29460,32.39,apex_admin,20111001120000
975,29484,15.5,apex_admin,20111001120000
976,29487,14.99,apex_admin,20111001120000
977,29513,8.25,apex_admin,20111001120000
978,29516,6.99,apex_admin,20111001120000
979,29517,9.29,apex_admin,20111001120000
980,29518,1.85,apex_admin,20111001120000
981,29519,9.5,apex_admin,20111001120000
982,29520,1,apex_admin,20111001120000
983,29522,5.29,apex_admin,20111001120000
984,29523,5,apex_admin,20111001120000
985,29524,6.5,apex_admin,20111001120000
986,29559,8.61,apex_admin,20111001120000
987,29567,7.71,apex_admin,20111001120000
988,29568,27.9,apex_admin,20111001120000
989,29570,24.5,apex_admin,20111001120000
990,29573,11.1,apex_admin,20111001120000
991,29701,1,apex_admin,20111001120000
992,29707,10.75,apex_admin,20111001120000
993,29811,6.25,apex_admin,20111001120000
994,29815,25,apex_admin,20111001120000
995,29816,37.02,apex_admin,20111001120000
996,29817,55.58,apex_admin,20111001120000
997,29818,19.06,apex_admin,20111001120000
998,29819,1,apex_admin,20111001120000
999,29820,41.48,apex_admin,20111001120000
1000,29821,5.38,apex_admin,20111001120000
1001,29822,22.22,apex_admin,20111001120000
1002,29823,7.8,apex_admin,20111001120000
1003,29824,6.06,apex_admin,20111001120000
1004,29825,46.12,apex_admin,20111001120000
1005,29826,20.1,apex_admin,20111001120000
1006,29827,5.6,apex_admin,20111001120000
1007,29845,7.49,apex_admin,20111001120000
1008,29849,1,apex_admin,20111001120000
1009,29851,29.75,apex_admin,20111001120000
1010,29852,38.5,apex_admin,20111001120000
1011,29853,45.16,apex_admin,20111001120000
1012,29873,1,apex_admin,20111001120000
1013,29874,1,apex_admin,20111001120000
1014,29880,19.99,apex_admin,20111001120000
1015,29882,1,apex_admin,20111001120000
1016,29883,1,apex_admin,20111001120000
1017,29884,1,apex_admin,20111001120000
1018,29885,20.13,apex_admin,20111001120000
1019,29886,1,apex_admin,20111001120000
1020,29887,1,apex_admin,20111001120000
1021,29888,17,apex_admin,20111001120000
1022,29907,6.99,apex_admin,20111001120000
1023,29908,6.99,apex_admin,20111001120000
1024,29909,7.59,apex_admin,20111001120000
1025,29910,7.59,apex_admin,20111001120000
1026,29912,6.99,apex_admin,20111001120000
1027,29913,7.59,apex_admin,20111001120000
1028,29914,7.59,apex_admin,20111001120000
1029,29915,7.29,apex_admin,20111001120000
1030,29921,1,apex_admin,20111001120000
1031,29922,1,apex_admin,20111001120000
1032,29957,1,apex_admin,20111001120000
1033,29958,1,apex_admin,20111001120000
1034,29959,1,apex_admin,20111001120000
1035,29960,1,apex_admin,20111001120000
1036,29966,31,apex_admin,20111001120000
1037,29974,1,apex_admin,20111001120000
1038,29975,1,apex_admin,20111001120000
1039,29976,1,apex_admin,20111001120000
1040,29977,18.25,apex_admin,20111001120000
1041,29988,8.99,apex_admin,20111001120000
1042,29995,1,apex_admin,20111001120000
1043,29996,1,apex_admin,20111001120000
1044,29997,1,apex_admin,20111001120000
1045,29998,1,apex_admin,20111001120000
1046,29999,1,apex_admin,20111001120000
1047,30000,25,apex_admin,20111001120000
1048,30002,1,apex_admin,20111001120000
1049,30003,26.35,apex_admin,20111001120000
1050,30005,28.3,apex_admin,20111001120000
1051,30080,17,apex_admin,20111001120000
1052,30081,19,apex_admin,20111001120000
1053,30088,1,apex_admin,20111001120000
1054,30118,7.4,apex_admin,20111001120000
1055,30125,9,apex_admin,20111001120000
1056,30168,4.22,apex_admin,20111001120000
1057,30169,7.32,apex_admin,20111001120000
1058,30170,6.7,apex_admin,20111001120000
1059,30171,6.7,apex_admin,20111001120000
1060,30172,25,apex_admin,20111001120000
1061,30173,8.21,apex_admin,20111001120000
1062,30174,1,apex_admin,20111001120000
1063,30188,9.5,apex_admin,20111001120000
1064,30189,9.5,apex_admin,20111001120000
1065,30190,9.5,apex_admin,20111001120000
1066,30191,8,apex_admin,20111001120000
1067,30192,8,apex_admin,20111001120000
1068,30193,8,apex_admin,20111001120000
1069,30194,8,apex_admin,20111001120000
1070,30195,27.5,apex_admin,20111001120000
1071,30196,30.5,apex_admin,20111001120000
1072,30197,55.21,apex_admin,20111001120000
1073,30208,7,apex_admin,20111001120000
1074,30220,21.76,apex_admin,20111001120000
1075,30248,4.98,apex_admin,20111001120000
1076,30249,4.84,apex_admin,20111001120000
1077,30282,8.2,apex_admin,20111001120000
1078,30283,8.36,apex_admin,20111001120000
1079,30284,6.55,apex_admin,20111001120000
1080,30285,14.5,apex_admin,20111001120000
1081,30286,14.5,apex_admin,20111001120000
1082,30287,17.99,apex_admin,20111001120000
1083,30288,22.39,apex_admin,20111001120000
1084,30290,16.83,apex_admin,20111001120000
1085,30291,38.44,apex_admin,20111001120000
1086,30292,1,apex_admin,20111001120000
1087,30303,16.41,apex_admin,20111001120000
1088,30304,1,apex_admin,20111001120000
1089,30324,1,apex_admin,20111001120000
1090,30327,46.9,apex_admin,20111001120000
1091,30328,62.9,apex_admin,20111001120000
1092,30329,41.9,apex_admin,20111001120000
1093,30330,7.5,apex_admin,20111001120000
1094,30357,6.35,apex_admin,20111001120000
1095,30358,12.35,apex_admin,20111001120000
1096,30359,25.15,apex_admin,20111001120000
1097,30376,64,apex_admin,20111001120000
1098,30377,30.9,apex_admin,20111001120000
1099,30378,42.77,apex_admin,20111001120000
1100,30379,42.87,apex_admin,20111001120000
1101,30380,46.59,apex_admin,20111001120000
1102,30381,33.41,apex_admin,20111001120000
1103,30382,10.89,apex_admin,20111001120000
1104,30383,10.9,apex_admin,20111001120000
1105,30384,30.75,apex_admin,20111001120000
1106,30394,35.5,apex_admin,20111001120000
1107,30395,30.75,apex_admin,20111001120000
1108,30396,28.5,apex_admin,20111001120000
1109,30397,48.52,apex_admin,20111001120000
1110,30398,53.5,apex_admin,20111001120000
1111,30404,1,apex_admin,20111001120000
1112,30405,10.8,apex_admin,20111001120000
1113,30406,25,apex_admin,20111001120000
1114,30417,6.99,apex_admin,20111001120000
1115,30421,1,apex_admin,20111001120000
1116,30426,13.75,apex_admin,20111001120000
1117,30427,1,apex_admin,20111001120000
1118,30428,5.5,apex_admin,20111001120000
1119,30429,1,apex_admin,20111001120000
1120,30448,5.6,apex_admin,20111001120000
1121,30450,3.82,apex_admin,20111001120000
1122,30456,26.99,apex_admin,20111001120000
1123,30462,1,apex_admin,20111001120000
1124,30463,8.95,apex_admin,20111001120000
1125,30464,8.95,apex_admin,20111001120000
1126,30468,10.99,apex_admin,20111001120000
1127,30469,19.99,apex_admin,20111001120000
1128,30472,1,apex_admin,20111001120000
1129,30473,8.5,apex_admin,20111001120000
1130,30474,2.6,apex_admin,20111001120000
1131,30699,11.25,apex_admin,20111001120000
1132,30700,14.21,apex_admin,20111001120000
1133,30716,15.49,apex_admin,20111001120000
1134,30717,15.49,apex_admin,20111001120000
1135,30744,10.49,apex_admin,20111001120000
1136,30745,7.99,apex_admin,20111001120000
1137,30746,8.99,apex_admin,20111001120000
1138,30750,19.99,apex_admin,20111001120000
1139,30752,13.85,apex_admin,20111001120000
1140,30795,1,apex_admin,20111001120000
1141,30796,13.55,apex_admin,20111001120000
1142,30835,4.75,apex_admin,20111001120000
1143,30839,26.79,apex_admin,20111001120000
1144,30841,20.29,apex_admin,20111001120000
1145,30855,10.9,apex_admin,20111001120000
1146,30856,19.45,apex_admin,20111001120000
1147,30866,1,apex_admin,20111001120000
1148,30867,9.36,apex_admin,20111001120000
1149,30868,5.89,apex_admin,20111001120000
1150,30869,7.15,apex_admin,20111001120000
1151,30870,5.53,apex_admin,20111001120000
1152,30897,1,apex_admin,20111001120000
1153,30926,1,apex_admin,20111001120000
1154,30986,1,apex_admin,20111001120000
1155,30987,14.99,apex_admin,20111001120000
1156,30995,23.49,apex_admin,20111001120000
1157,30996,18.29,apex_admin,20111001120000
1158,30997,16.89,apex_admin,20111001120000
1159,30998,22.79,apex_admin,20111001120000
1160,31001,18.79,apex_admin,20111001120000
1161,31007,15.69,apex_admin,20111001120000
1162,31016,16.85,apex_admin,20111001120000
1163,31017,1,apex_admin,20111001120000
1164,31020,6.99,apex_admin,20111001120000
1165,31021,6.49,apex_admin,20111001120000
1166,31025,1,apex_admin,20111001120000
1167,31072,6.99,apex_admin,20111001120000
1168,31073,25,apex_admin,20111001120000
1169,31099,8.9,apex_admin,20111001120000
1170,31101,4.1,apex_admin,20111001120000
1171,31104,1,apex_admin,20111001120000
1172,31105,1,apex_admin,20111001120000
1173,31113,8.69,apex_admin,20111001120000
1174,31120,1,apex_admin,20111001120000
1175,31121,1,apex_admin,20111001120000
1176,31122,1,apex_admin,20111001120000
1177,31123,1,apex_admin,20111001120000
1178,31134,14.99,apex_admin,20111001120000
1179,31146,1,apex_admin,20111001120000
1180,31147,1,apex_admin,20111001120000
1181,31148,1,apex_admin,20111001120000
1182,31160,24.93,apex_admin,20111001120000
1183,31162,1,apex_admin,20111001120000
1184,31163,1,apex_admin,20111001120000
1185,31164,44.14,apex_admin,20111001120000
1186,31165,4.98,apex_admin,20111001120000
1187,31166,7.34,apex_admin,20111001120000
1188,31167,28.6,apex_admin,20111001120000
1189,31196,5,apex_admin,20111001120000
1190,31208,1,apex_admin,20111001120000
1191,31209,1,apex_admin,20111001120000
1192,31223,1,apex_admin,20111001120000
1193,31243,26.39,apex_admin,20111001120000
1194,31244,28.75,apex_admin,20111001120000
1195,31245,30.79,apex_admin,20111001120000
1196,31246,31.79,apex_admin,20111001120000
1197,31247,30.79,apex_admin,20111001120000
1198,31249,12.99,apex_admin,20111001120000
1199,31250,12.99,apex_admin,20111001120000
1200,31251,16.29,apex_admin,20111001120000
1201,31252,20.59,apex_admin,20111001120000
1202,31256,32.5,apex_admin,20111001120000
1203,31270,16.41,apex_admin,20111001120000
1204,31271,18.61,apex_admin,20111001120000
1205,31304,34.85,apex_admin,20111001120000
1206,31305,17.5,apex_admin,20111001120000
1207,31306,24.25,apex_admin,20111001120000
1208,31307,17.25,apex_admin,20111001120000
1209,31308,20.6,apex_admin,20111001120000
1210,31309,22.85,apex_admin,20111001120000
1211,31310,20.95,apex_admin,20111001120000
1212,31311,13.5,apex_admin,20111001120000
1213,31312,12.55,apex_admin,20111001120000
1214,31313,12.55,apex_admin,20111001120000
1215,31314,12.65,apex_admin,20111001120000
1216,31315,14.6,apex_admin,20111001120000
1217,31316,13.49,apex_admin,20111001120000
1218,31317,13.49,apex_admin,20111001120000
1219,31318,15.85,apex_admin,20111001120000
1220,31350,37.29,apex_admin,20111001120000
1221,31351,23.79,apex_admin,20111001120000
1222,31352,26.59,apex_admin,20111001120000
1223,31393,1,apex_admin,20111001120000
1224,31394,1,apex_admin,20111001120000
1225,31395,1,apex_admin,20111001120000
1226,31397,5.54,apex_admin,20111001120000
1227,31398,9.8,apex_admin,20111001120000
1228,31399,30.99,apex_admin,20111001120000
1229,31400,28.49,apex_admin,20111001120000
1230,31401,32.29,apex_admin,20111001120000
1231,31402,6,apex_admin,20111001120000
1232,31403,27.99,apex_admin,20111001120000
1233,31447,5.62,apex_admin,20111001120000
1234,31503,6,apex_admin,20111001120000
1235,31510,1,apex_admin,20111001120000
1236,31511,1,apex_admin,20111001120000
1237,31512,10.25,apex_admin,20111001120000
1238,31513,6.99,apex_admin,20111001120000
1239,31517,11.99,apex_admin,20111001120000
1240,31689,1,apex_admin,20111001120000
1241,31715,38.99,apex_admin,20111001120000
1242,31717,29.95,apex_admin,20111001120000
1243,31718,8.95,apex_admin,20111001120000
1244,31783,1,apex_admin,20111001120000
1245,31786,4.49,apex_admin,20111001120000
1246,31787,4.49,apex_admin,20111001120000
1247,31788,18.98,apex_admin,20111001120000
1248,31789,16.86,apex_admin,20111001120000
1249,31837,3.25,apex_admin,20111001120000
1250,31838,3.25,apex_admin,20111001120000
1251,31858,4.71,apex_admin,20111001120000
1252,31867,1,apex_admin,20111001120000
1253,31868,1,apex_admin,20111001120000
1254,31880,3.65,apex_admin,20111001120000
1255,31881,4.77,apex_admin,20111001120000
1256,31884,23.02,apex_admin,20111001120000
1257,31885,1,apex_admin,20111001120000
1258,31886,1,apex_admin,20111001120000
1259,31887,1,apex_admin,20111001120000
1260,31888,1,apex_admin,20111001120000
1261,31889,1,apex_admin,20111001120000
1262,31918,7.59,apex_admin,20111001120000
1263,31919,12,apex_admin,20111001120000
1264,31920,14.21,apex_admin,20111001120000
1265,31921,14.21,apex_admin,20111001120000
1266,31922,18.61,apex_admin,20111001120000
1267,31971,55.98,apex_admin,20111001120000
1268,31984,1,apex_admin,20111001120000
1269,32005,1,apex_admin,20111001120000
1270,32043,1,apex_admin,20111001120000
1271,32054,8.1,apex_admin,20111001120000
1272,32055,8.1,apex_admin,20111001120000
1273,32056,18.66,apex_admin,20111001120000
1274,32058,6,apex_admin,20111001120000
1275,32203,1,apex_admin,20111001120000
1276,32204,1,apex_admin,20111001120000
1277,32205,1,apex_admin,20111001120000
1278,32208,1,apex_admin,20111001120000
1279,32209,1,apex_admin,20111001120000
1280,32210,1,apex_admin,20111001120000
1281,32211,1,apex_admin,20111001120000
1282,32245,24.59,apex_admin,20111001120000
1283,32246,21.99,apex_admin,20111001120000
1284,32247,1,apex_admin,20111001120000
1285,32248,1,apex_admin,20111001120000
1286,32249,1,apex_admin,20111001120000
1287,32257,12,apex_admin,20111001120000
1288,32347,8.89,apex_admin,20111001120000
1289,32411,16.41,apex_admin,20111001120000
1290,32419,10,apex_admin,20111001120000
1291,32438,5,apex_admin,20111001120000
1292,32481,12,apex_admin,20111001120000
1293,32482,1,apex_admin,20111001120000
1294,32485,1,apex_admin,20111001120000
1295,32493,39.5,apex_admin,20111001120000
1296,32499,24.5,apex_admin,20111001120000
1297,32503,5.5,apex_admin,20111001120000
1298,32517,4.33,apex_admin,20111001120000
1299,32531,5.78,apex_admin,20111001120000
1300,32564,40.99,apex_admin,20111001120000
1301,32565,8.82,apex_admin,20111001120000
1302,32567,57.94,apex_admin,20111001120000
1303,32569,30.79,apex_admin,20111001120000
1304,32570,1,apex_admin,20111001120000
1305,32571,1,apex_admin,20111001120000
1306,32573,38,apex_admin,20111001120000
1307,32578,23.5,apex_admin,20111001120000
1308,32580,33,apex_admin,20111001120000
1309,32581,23,apex_admin,20111001120000
1310,32582,23,apex_admin,20111001120000
1311,32616,5.6,apex_admin,20111001120000
1315,32663,1,apex_admin,20111001120000
1316,32664,10.8,apex_admin,20111001120000
1317,32698,6.99,apex_admin,20111001120000
1318,32700,13.99,apex_admin,20111001120000
1319,32701,25.64,apex_admin,20111001120000
1320,32702,23.79,apex_admin,20111001120000
1321,32703,22.29,apex_admin,20111001120000
1322,32704,16.04,apex_admin,20111001120000
1323,32705,23.99,apex_admin,20111001120000
1324,32730,24.13,apex_admin,20111001120000
